{
    "version": 2,
    "cmakeMinimumRequired": {
        "major": 3,
        "minor": 20
    },
    "configurePresets": [
        {
            "name": "build",
            "displayName": "Build for nRF52 Adafruit Feather",
            "generator": "Ninja",
            "binaryDir": "${sourceDir}/build",
            "cacheVariables": {
                "NCS_TOOLCHAIN_VERSION": "NONE",
                "BOARD": "nrf52_adafruit_feather",
                "CONF_FILE": "${sourceDir}/prj.conf",
                "DTC_OVERLAY_FILE": "${sourceDir}/nrf52_adafruit_feather.overlay"
            }
        },
        {
            "name": "pristine",
            "displayName": "Build for nRF52 Adafruit Feather",
            "generator": "Ninja",
            "binaryDir": "${sourceDir}/pristine",
            "cacheVariables": {
                "NCS_TOOLCHAIN_VERSION": "NONE",
                "BOARD": "nrf52_adafruit_feather",
                "CONF_FILE": "${sourceDir}/prj.conf",
                "DTC_OVERLAY_FILE": "${sourceDir}/nrf52_adafruit_feather.overlay"
            }
        }
    ]
}